{
	"name": "pipeline1",
	"properties": {
		"activities": [
			{
				"name": "Notebook1",
				"type": "SynapseNotebook",
				"dependsOn": [],
				"policy": {
					"timeout": "0.12:00:00",
					"retry": 0,
					"retryIntervalInSeconds": 30,
					"secureOutput": false,
					"secureInput": false
				},
				"userProperties": [],
				"typeProperties": {
					"notebook": {
						"referenceName": "Notebook2",
						"type": "NotebookReference"
					},
					"snapshot": true,
					"conf": {
						"spark.dynamicAllocation.enabled": null,
						"spark.dynamicAllocation.minExecutors": null,
						"spark.dynamicAllocation.maxExecutors": null
					},
					"numExecutors": null
				}
			}
		],
		"annotations": [],
		"lastPublishTime": "2024-06-06T22:07:33Z"
	},
	"type": "Microsoft.Synapse/workspaces/pipelines"
}